drop table if exists t1;
drop database if exists mysqltest;
drop database if exists client_test_db;
drop table t1;
Error 1051: Unknown table 'drop.t1'
create table t1(n int);
insert into t1 values(1);
create table t1(n int);
Error 1050: Table 'drop.t1' already exists
create database mysqltest;
drop database if exists mysqltest;
create database mysqltest;
create table mysqltest.mysqltest (n int);
insert into mysqltest.mysqltest values (4);
select * from mysqltest.mysqltest;
n
4
drop database if exists mysqltest;
create database mysqltest;
use mysqltest;
drop table table1, table2, table3, table4, table5, table6,
table7, table8, table9, table10, table11, table12, table13,
table14, table15, table16, table17, table18, table19, table20,
table21, table22, table23, table24, table25, table26, table27,
table28;
Error 1051: Unknown table 'mysqltest.table1,mysqltest.table2,mysqltest.table3,mysqltest.table4,mysqltest.table5,mysqltest.table'
drop table table1, table2, table3, table4, table5, table6,
table7, table8, table9, table10, table11, table12, table13,
table14, table15, table16, table17, table18, table19, table20,
table21, table22, table23, table24, table25, table26, table27,
table28, table29, table30;
Error 1051: Unknown table 'mysqltest.table1,mysqltest.table2,mysqltest.table3,mysqltest.table4,mysqltest.table5,mysqltest.table'
use test;
drop database mysqltest;
drop database if exists mysqltest;
drop table if exists t1;
create table t1 (i int);
create database mysqltest;
lock tables t1 read;
show open tables;
Database	Table	In_use	Name_locked
select 1;
1
1
unlock tables;
End of 5.0 tests

create database mysqltestbug26703;
use mysqltestbug26703;
create table `#mysql50#abc``def` ( id int );
create table `aaaaaaaaaaaaaaaaaaaaaaaaaaaaaaaaaaaaaaaaaaaaaaaaaaaaaaaaaaaaaaaaa` (a int);
Error 1059: Identifier name 'aaaaaaaaaaaaaaaaaaaaaaaaaaaaaaaaaaaaaaaaaaaaaaaaaaaaaaaaaaaaaaaaa' is too long
create table `aaaaaaaaaaaaaaaaaaaaaaaaaaaaaaaaaaaaaaaaaaaaaaaaaaaaaaaaaaaaaaaa` (a int);
create table `#mysql50#aaaaaaaaaaaaaaaaaaaaaaaaaaaaaaaaaaaaaaaaaaaaaaaaaaaaaaa` (a int);
create table `#mysql50#aaaaaaaaaaaaaaaaaaaaaaaaaaaaaaaaaaaaaaaaaaaaaaaaaaaaaaaa` (a int);
Error 1059: Identifier name '#mysql50#aaaaaaaaaaaaaaaaaaaaaaaaaaaaaaaaaaaaaaaaaaaaaaaaaaaaaaaa' is too long
use test;
End of 5.1 tests

# --
# -- Bug#37431 (DROP TABLE does not report errors correctly).
# --
DROP TABLE IF EXISTS t1;
DROP TABLE t1;
Error 1051: Unknown table 'test.t1'
SHOW WARNINGS;
Level	Code	Message

# --
# -- End of Bug#37431.
# --
#
# Bug#54282 Crash in MDL_context::upgrade_shared_lock_to_exclusive
#
#
# BUG#34750: Print database name in Unknown Table error message
#

# Test error message when droping table/view
DROP TABLE table1;
Error 1051: Unknown table 'test.table1'
DROP TABLE table1,table2;
Error 1051: Unknown table 'test.table1,test.table2'
DROP VIEW view1,view2,view3,view4;
Error 1051: Unknown table 'test.view1,test.view2,test.view3,test.view4'

DROP TABLE IF EXISTS table1;
DROP TABLE IF EXISTS table1,table2;
DROP VIEW IF EXISTS view1,view2,view3,view4;

# Test error message when trigger does not find table
CREATE DATABASE bug19573998;
# Verify that it is possible to drop the database
DROP DATABASE bug19573998;
USE test;
# End Bug#19573998
